THETA2_deg,A_x,A_y,B_x,B_y,MCF_x,MCF_y,M4_x,M4_y,J2_x,J2_y,P_x,P_y,S1_x,S1_y,S2_x,S2_y,P2_x,P2_y,P3_x,P3_y,IFP_x,IFP_y,IFD_x,IFD_y,TIP_x,TIP_y,CRK3_x,CRK3_y,ROK3_x,ROK3_y,theta_fp_deg,theta_fm_deg,theta_fd_deg,DIP_rel_deg
0.0000,-9.0000,0.0000,9.0000,0.0000,-9.0000,-20.0000,-15.5114,18.9104,44.0000,0.0000,6.2421,31.2305,-27.1842,-3.1972,-40.1834,-3.3389,-48.7542,30.5955,-94.9973,6.8137,-57.9971,-20.5341,-83.1204,-27.2287,-99.4753,-44.7934,-64.0690,-25.7428,-66.5461,-34.2495,180.6245,194.9210,227.0427,32.1217
1.0000,-9.0000,0.0000,9.0000,0.0000,-9.0000,-20.0000,-15.6761,18.8528,43.9947,0.6108,5.9174,31.4511,-27.2736,-3.2944,-40.2718,-3.5054,-49.0719,30.3702,-95.1712,6.3108,-57.9935,-20.7953,-83.0727,-27.6535,-99.3077,-45.3291,-64.0376,-26.0364,-66.4510,-34.5614,180.9300,195.2943,227.4326,32.1383
2.0000,-9.0000,0.0000,9.0000,0.0000,-9.0000,-20.0000,-15.8404,18.7939,43.9787,1.2215,5.5881,31.6709,-27.3628,-3.3925,-40.3597,-3.6731,-49.3906,30.1417,-95.3434,5.8037,-57.9886,-21.0577,-83.0222,-28.0805,-99.1354,-45.8671,-64.0045,-26.3311,-66.3534,-34.8741,181.2369,195.6705,227.8259,32.1553
3.0000,-9.0000,0.0000,9.0000,0.0000,-9.0000,-20.0000,-16.0041,18.7334,43.9520,1.8318,5.2542,31.8896,-27.4519,-3.4915,-40.4471,-3.8421,-49.7102,29.9099,-95.5139,5.2924,-57.9822,-21.3213,-82.9688,-28.5095,-98.9585,-46.4072,-63.9697,-26.6269,-66.2534,-35.1876,181.5451,196.0496,228.2224,32.1728
4.0000,-9.0000,0.0000,9.0000,0.0000,-9.0000,-20.0000,-16.1674,18.6716,43.9147,2.4415,4.9155,32.1072,-27.5408,-3.5915,-40.5340,-4.0122,-50.0307,29.6747,-95.6827,4.7770,-57.9743,-21.5859,-82.9124,-28.9406,-98.7769,-46.9494,-63.9330,-26.9239,-66.1509,-35.5018,181.8547,196.4316,228.6224,32.1908
5.0000,-9.0000,0.0000,9.0000,0.0000,-9.0000,-20.0000,-16.3300,18.6084,43.8668,3.0505,4.5720,32.3236,-27.6296,-3.6923,-40.6203,-4.1836,-50.3522,29.4362,-95.8497,4.2572,-57.9650,-21.8516,-82.8531,-29.3737,-98.5904,-47.4938,-63.8947,-27.2219,-66.0458,-35.8168,182.1656,196.8167,229.0258,32.2092
6.0000,-9.0000,0.0000,9.0000,0.0000,-9.0000,-20.0000,-16.4921,18.5437,43.8083,3.6585,4.2236,32.5386,-27.7181,-3.7941,-40.7060,-4.3561,-50.6746,29.1942,-96.0148,3.7332,-57.9542,-22.1185,-82.7908,-29.8089,-98.3989,-48.0404,-63.8545,-27.5209,-65.9381,-36.1324,182.4779,197.2047,229.4328,32.2281
7.0000,-9.0000,0.0000,9.0000,0.0000,-9.0000,-20.0000,-16.6537,18.4776,43.7391,4.2654,3.8704,32.7521,-27.8066,-3.8968,-40.7911,-4.5299,-50.9979,28.9488,-96.1781,3.2049,-57.9419,-22.3864,-82.7254,-30.2462,-98.2025,-48.5891,-63.8125,-27.8210,-65.8278,-36.4488,182.7915,197.5959,229.8434,32.2475
8.0000,-9.0000,0.0000,9.0000,0.0000,-9.0000,-20.0000,-16.8146,18.4101,43.6594,4.8711,3.5123,32.9640,-27.8948,-4.0004,-40.8757,-4.7049,-51.3221,28.6998,-96.3395,2.6721,-57.9280,-22.6553,-82.6568,-30.6855,-98.0009,-49.1398,-63.7687,-28.1221,-65.7148,-36.7658,183.1064,197.9903,230.2577,32.2675
9.0000,-9.0000,0.0000,9.0000,0.0000,-9.0000,-20.0000,-16.9750,18.3412,43.5691,5.4752,3.1492,33.1742,-27.9828,-4.1049,-40.9596,-4.8810,-51.6473,28.4473,-96.4989,2.1350,-57.9126,-22.9253,-82.5851,-31.1269,-97.7941,-49.6927,-63.7230,-28.4243,-65.5992,-37.0833,183.4226,198.3878,230.6758,32.2880
10.0000,-9.0000,0.0000,9.0000,0.0000,-9.0000,-20.0000,-17.1347,18.2709,43.4683,6.0777,2.7811,33.3825,-28.0706,-4.2104,-41.0429,-5.0584,-51.9734,28.1911,-96.6563,1.5934,-57.8956,-23.1963,-82.5102,-31.5703,-97.5820,-50.2476,-63.6755,-28.7274,-65.4809,-37.4015,183.7401,198.7887,231.0978,32.3091
11.0000,-9.0000,0.0000,9.0000,0.0000,-9.0000,-20.0000,-17.2939,18.1992,43.3570,6.6783,2.4079,33.5888,-28.1581,-4.3167,-41.1255,-5.2369,-52.3003,27.9312,-96.8117,1.0474,-57.8771,-23.4683,-82.4320,-32.0158,-97.3646,-50.8045,-63.6261,-29.0315,-65.3598,-37.7202,184.0589,199.1928,231.5236,32.3308
12.0000,-9.0000,0.0000,9.0000,0.0000,-9.0000,-20.0000,-17.4524,18.1262,43.2352,7.2769,2.0296,33.7930,-28.2455,-4.4240,-41.2075,-5.4166,-52.6282,27.6677,-96.9649,0.4968,-57.8570,-23.7413,-82.3504,-32.4632,-97.1416,-51.3635,-63.5748,-29.3365,-65.2359,-38.0394,184.3790,199.6004,231.9535,32.3531
13.0000,-9.0000,0.0000,9.0000,0.0000,-9.0000,-20.0000,-17.6102,18.0517,43.1030,7.8733,1.6463,33.9950,-28.3325,-4.5322,-41.2888,-5.5975,-52.9569,27.4003,-97.1160,-0.0583,-57.8352,-24.0153,-82.2654,-32.9127,-96.9131,-51.9244,-63.5216,-29.6425,-65.1092,-38.3591,184.7004,200.0114,232.3875,32.3761
14.0000,-9.0000,0.0000,9.0000,0.0000,-9.0000,-20.0000,-17.7674,17.9759,42.9604,8.4673,1.2577,34.1945,-28.4193,-4.6413,-41.3694,-5.7795,-53.2866,27.1291,-97.2649,-0.6180,-57.8118,-24.2903,-82.1771,-33.3641,-96.6789,-52.4873,-63.4664,-29.9494,-64.9797,-38.6792,185.0230,200.4259,232.8256,32.3997
15.0000,-9.0000,0.0000,9.0000,0.0000,-9.0000,-20.0000,-17.9240,17.8987,42.8074,9.0587,0.8640,34.3915,-28.5059,-4.7513,-41.4493,-5.9628,-53.6171,26.8541,-97.4115,-1.1824,-57.7868,-24.5662,-82.0852,-33.8175,-96.4389,-53.0521,-63.4093,-30.2572,-64.8473,-38.9997,185.3470,200.8439,233.2679,32.4240
16.0000,-9.0000,0.0000,9.0000,0.0000,-9.0000,-20.0000,-18.0798,17.8201,42.6442,9.6473,0.4651,34.5858,-28.5921,-4.8623,-41.5284,-6.1472,-53.9484,26.5751,-97.5558,-1.7515,-57.7601,-24.8430,-81.9897,-34.2729,-96.1931,-53.6188,-63.3502,-30.5658,-64.7120,-39.3205,185.6722,201.2655,233.7146,32.4491
17.0000,-9.0000,0.0000,9.0000,0.0000,-9.0000,-20.0000,-18.2350,17.7402,42.4707,10.2330,0.0610,34.7772,-28.6780,-4.9742,-41.6068,-6.3327,-54.2806,26.2921,-97.6978,-2.3252,-57.7317,-25.1207,-81.8907,-34.7302,-95.9413,-54.1874,-63.2891,-30.8753,-64.5737,-39.6417,185.9986,201.6908,234.1657,32.4749
18.0000,-9.0000,0.0000,9.0000,0.0000,-9.0000,-20.0000,-18.3894,17.6590,42.2870,10.8156,-0.3484,34.9656,-28.7636,-5.0870,-41.6845,-6.5194,-54.6136,26.0050,-97.8372,-2.9037,-57.7016,-25.3993,-81.7880,-35.1895,-95.6835,-54.7577,-63.2260,-31.1856,-64.4325,-39.9631,186.3263,202.1198,234.6212,32.5014
19.0000,-9.0000,0.0000,9.0000,0.0000,-9.0000,-20.0000,-18.5432,17.5763,42.0932,11.3949,-0.7630,35.1509,-28.8489,-5.2007,-41.7613,-6.7073,-54.9473,25.7138,-97.9742,-3.4870,-57.6698,-25.6788,-81.6815,-35.6506,-95.4195,-55.3298,-63.1609,-31.4967,-64.2883,-40.2847,186.6552,202.5526,235.0813,32.5287
20.0000,-9.0000,0.0000,9.0000,0.0000,-9.0000,-20.0000,-18.6962,17.4924,41.8892,11.9707,-1.1829,35.3329,-28.9339,-5.3153,-41.8374,-6.8963,-55.2819,25.4185,-98.1086,-4.0751,-57.6363,-25.9592,-81.5713,-36.1137,-95.1492,-55.9036,-63.0938,-31.8086,-64.1411,-40.6065,186.9854,202.9892,235.5460,32.5569
21.0000,-9.0000,0.0000,9.0000,0.0000,-9.0000,-20.0000,-18.8485,17.4071,41.6753,12.5429,-1.6080,35.5114,-29.0185,-5.4308,-41.9126,-7.0864,-55.6172,25.1189,-98.2404,-4.6681,-57.6010,-26.2404,-81.4573,-36.5786,-94.8725,-56.4791,-63.0246,-32.1213,-63.9908,-40.9285,187.3168,203.4297,236.0155,32.5858
22.0000,-9.0000,0.0000,9.0000,0.0000,-9.0000,-20.0000,-19.0000,17.3205,41.4514,13.1112,-2.0384,35.6863,-29.1027,-5.5473,-41.9870,-7.2777,-55.9533,24.8150,-98.3694,-5.2660,-57.5640,-26.5224,-81.3393,-37.0454,-94.5894,-57.0562,-62.9533,-32.4347,-63.8374,-41.2505,187.6494,203.8741,236.4898,32.6157
23.0000,-9.0000,0.0000,9.0000,0.0000,-9.0000,-20.0000,-19.1508,17.2326,41.2177,13.6756,-2.4740,35.8575,-29.1866,-5.6646,-42.0606,-7.4701,-56.2900,24.5068,-98.4957,-5.8689,-57.5251,-26.8053,-81.2174,-37.5139,-94.2997,-57.6349,-62.8799,-32.7488,-63.6810,-41.5726,187.9832,204.3225,236.9689,32.6464
24.0000,-9.0000,0.0000,9.0000,0.0000,-9.0000,-20.0000,-19.3008,17.1433,40.9741,14.2358,-2.9149,36.0247,-29.2700,-5.7829,-42.1333,-7.6636,-56.6275,24.1941,-98.6191,-6.4767,-57.4845,-27.0889,-81.0915,-37.9843,-94.0033,-58.2151,-62.8045,-33.0637,-63.5214,-41.8946,188.3182,204.7750,237.4531,32.6781
25.0000,-9.0000,0.0000,9.0000,0.0000,-9.0000,-20.0000,-19.4500,17.0528,40.7208,14.7916,-3.3610,36.1878,-29.3531,-5.9021,-42.2051,-7.8583,-56.9656,23.8770,-98.7397,-7.0895,-57.4421,-27.3732,-80.9615,-38.4565,-93.7000,-58.7968,-62.7269,-33.3792,-63.3586,-42.2166,188.6544,205.2316,237.9423,32.7107
26.0000,-9.0000,0.0000,9.0000,0.0000,-9.0000,-20.0000,-19.5984,16.9610,40.4578,15.3430,-3.8124,36.3466,-29.4358,-6.0222,-42.2760,-8.0540,-57.3043,23.5553,-98.8572,-7.7074,-57.3978,-27.6584,-80.8273,-38.9304,-93.3899,-59.3798,-62.6472,-33.6953,-63.1927,-42.5385,188.9918,205.6923,238.4366,32.7443
27.0000,-9.0000,0.0000,9.0000,0.0000,-9.0000,-20.0000,-19.7460,16.8678,40.1852,15.8897,-4.2689,36.5010,-29.5180,-6.1432,-42.3460,-8.2509,-57.6436,23.2290,-98.9716,-8.3304,-57.3517,-27.9442,-80.6890,-39.4060,-93.0728,-59.9642,-62.5653,-34.0121,-63.0235,-42.8602,189.3304,206.1573,238.9362,32.7789
28.0000,-9.0000,0.0000,9.0000,0.0000,-9.0000,-20.0000,-19.8928,16.7734,39.9032,16.4315,-4.7307,36.6508,-29.5998,-6.2651,-42.4151,-8.4488,-57.9835,22.8981,-99.0829,-8.9585,-57.3038,-28.2308,-80.5464,-39.8833,-92.7485,-60.5499,-62.4813,-34.3294,-62.8512,-43.1817,189.6701,206.6265,239.4412,32.8146
29.0000,-9.0000,0.0000,9.0000,0.0000,-9.0000,-20.0000,-20.0387,16.6777,39.6117,16.9683,-5.1976,36.7959,-29.6812,-6.3879,-42.4832,-8.6478,-58.3239,22.5623,-99.1910,-9.5917,-57.2539,-28.5180,-80.3994,-40.3623,-92.4170,-61.1367,-62.3951,-34.6474,-62.6756,-43.5030,190.0110,207.1002,239.9515,32.8513
30.0000,-9.0000,0.0000,9.0000,0.0000,-9.0000,-20.0000,-20.1839,16.5808,39.3109,17.5000,-5.6696,36.9360,-29.7621,-6.5116,-42.5504,-8.8479,-58.6648,22.2218,-99.2957,-10.2302,-57.2022,-28.8060,-80.2481,-40.8429,-92.0782,-61.7247,-62.3067,-34.9659,-62.4967,-43.8239,190.3531,207.5782,240.4673,32.8892
31.0000,-9.0000,0.0000,9.0000,0.0000,-9.0000,-20.0000,-20.3281,16.4825,39.0009,18.0263,-6.1467,37.0710,-29.8425,-6.6362,-42.6166,-9.0491,-59.0061,21.8764,-99.3970,-10.8738,-57.1486,-29.0945,-80.0923,-41.3251,-91.7319,-62.3137,-62.2161,-35.2849,-62.3145,-44.1444,190.6963,208.0606,240.9888,32.9282
32.0000,-9.0000,0.0000,9.0000,0.0000,-9.0000,-20.0000,-20.4715,16.3830,38.6817,18.5472,-6.6288,37.2008,-29.9224,-6.7617,-42.6818,-9.2513,-59.3479,21.5260,-99.4948,-11.5228,-57.0931,-29.3837,-79.9320,-41.8089,-91.3779,-62.9037,-62.1232,-35.6045,-62.1290,-44.4645,191.0406,208.5477,241.5160,32.9683
33.0000,-9.0000,0.0000,9.0000,0.0000,-9.0000,-20.0000,-20.6141,16.2823,38.3535,19.0624,-7.1160,37.3252,-30.0019,-6.8881,-42.7460,-9.4546,-59.6900,21.1706,-99.5891,-12.1771,-57.0356,-29.6735,-79.7671,-42.2942,-91.0163,-63.4945,-62.0282,-35.9245,-61.9402,-44.7841,191.3861,209.0392,242.0489,33.0097
34.0000,-9.0000,0.0000,9.0000,0.0000,-9.0000,-20.0000,-20.7557,16.1803,38.0163,19.5718,-7.6081,37.4439,-30.0808,-7.0154,-42.8092,-9.6589,-60.0325,20.8101,-99.6796,-12.8367,-56.9762,-29.9639,-79.5976,-42.7810,-90.6469,-64.0862,-61.9309,-36.2450,-61.7480,-45.1031,191.7327,209.5355,242.5878,33.0523
35.0000,-9.0000,0.0000,9.0000,0.0000,-9.0000,-20.0000,-20.8965,16.0771,37.6703,20.0752,-8.1051,37.5569,-30.1592,-7.1436,-42.8713,-9.8643,-60.3752,20.4444,-99.7664,-13.5016,-56.9149,-30.2549,-79.4233,-43.2692,-90.2695,-64.6785,-61.8313,-36.5659,-61.5524,-45.4215,192.0804,210.0364,243.1326,33.0962
36.0000,-9.0000,0.0000,9.0000,0.0000,-9.0000,-20.0000,-21.0363,15.9727,37.3156,20.5725,-8.6070,37.6640,-30.2371,-7.2726,-42.9324,-10.0706,-60.7181,20.0735,-99.8493,-14.1720,-56.8516,-30.5464,-79.2442,-43.7589,-89.8841,-65.2715,-61.7295,-36.8872,-61.3535,-45.7392,192.4292,210.5422,243.6836,33.1414
37.0000,-9.0000,0.0000,9.0000,0.0000,-9.0000,-20.0000,-21.1752,15.8671,36.9522,21.0635,-9.1136,37.7649,-30.3144,-7.4026,-42.9924,-10.2781,-61.0612,19.6972,-99.9282,-14.8479,-56.7863,-30.8384,-79.0603,-44.2499,-89.4905,-65.8650,-61.6254,-37.2089,-61.1511,-46.0562,192.7791,211.0527,244.2408,33.1880
38.0000,-9.0000,0.0000,9.0000,0.0000,-9.0000,-20.0000,-21.3132,15.7602,36.5804,21.5482,-9.6250,37.8596,-30.3912,-7.5334,-43.0513,-10.4865,-61.4045,19.3156,-100.0030,-15.5292,-56.7190,-31.1310,-78.8714,-44.7423,-89.0885,-66.4589,-61.5190,-37.5310,-60.9454,-46.3724,193.1301,211.5682,244.8042,33.2360
39.0000,-9.0000,0.0000,9.0000,0.0000,-9.0000,-20.0000,-21.4503,15.6522,36.2001,22.0262,-10.1410,37.9479,-30.4674,-7.6650,-43.1091,-10.6959,-61.7478,18.9284,-100.0736,-16.2160,-56.6497,-31.4240,-78.6776,-45.2360,-88.6782,-67.0531,-61.4103,-37.8534,-60.7362,-46.6877,193.4822,212.0887,245.3741,33.2854
40.0000,-9.0000,0.0000,9.0000,0.0000,-9.0000,-20.0000,-21.5864,15.5429,35.8116,22.4976,-10.6616,38.0296,-30.5430,-7.7976,-43.1658,-10.9063,-62.0911,18.5357,-100.1399,-16.9084,-56.5784,-31.7175,-78.4787,-45.7309,-88.2593,-67.6476,-61.2992,-38.1760,-60.5236,-47.0020,193.8353,212.6142,245.9505,33.3364
41.0000,-9.0000,0.0000,9.0000,0.0000,-9.0000,-20.0000,-21.7216,15.4325,35.4148,22.9621,-11.1868,38.1045,-30.6180,-7.9310,-43.2214,-11.1177,-62.4344,18.1374,-100.2019,-17.6063,-56.5050,-32.0114,-78.2746,-46.2270,-87.8317,-68.2421,-61.1859,-38.4990,-60.3075,-47.3154,194.1895,213.1448,246.5336,33.3888
42.0000,-9.0000,0.0000,9.0000,0.0000,-9.0000,-20.0000,-21.8558,15.3209,35.0101,23.4196,-11.7163,38.1724,-30.6925,-8.0653,-43.2758,-11.3301,-62.7775,17.7334,-100.2593,-18.3099,-56.4296,-32.3057,-78.0653,-46.7243,-87.3953,-68.8365,-61.0702,-38.8222,-60.0880,-47.6276,194.5448,213.6805,247.1234,33.4428
43.0000,-9.0000,0.0000,9.0000,0.0000,-9.0000,-20.0000,-21.9890,15.2081,34.5974,23.8699,-12.2502,38.2332,-30.7663,-8.2004,-43.3291,-11.5434,-63.1205,17.3236,-100.3120,-19.0191,-56.3522,-32.6004,-77.8508,-47.2227,-86.9500,-69.4309,-60.9521,-39.1457,-59.8650,-47.9387,194.9011,214.2216,247.7200,33.4985
44.0000,-9.0000,0.0000,9.0000,0.0000,-9.0000,-20.0000,-22.1212,15.0942,34.1769,24.3130,-12.7883,38.2868,-30.8394,-8.3364,-43.3812,-11.7576,-63.4632,16.9079,-100.3600,-19.7340,-56.2727,-32.8955,-77.6309,-47.7221,-86.4956,-70.0249,-60.8317,-39.4693,-59.6386,-48.2486,195.2584,214.7679,248.3237,33.5558
45.0000,-9.0000,0.0000,9.0000,0.0000,-9.0000,-20.0000,-22.2524,14.9791,33.7487,24.7487,-13.3307,38.3330,-30.9119,-8.4732,-43.4320,-11.9729,-63.8056,16.4862,-100.4031,-20.4545,-56.1911,-33.1909,-77.4055,-48.2225,-86.0320,-70.6186,-60.7089,-39.7932,-59.4086,-48.5572,195.6168,215.3196,248.9344,33.6148
46.0000,-9.0000,0.0000,9.0000,0.0000,-9.0000,-20.0000,-22.3826,14.8629,33.3130,25.1769,-13.8770,38.3715,-30.9838,-8.6109,-43.4817,-12.1890,-64.1476,16.0585,-100.4412,-21.1809,-56.1074,-33.4867,-77.1747,-48.7239,-85.5591,-71.2117,-60.5837,-40.1171,-59.1752,-48.8645,195.9762,215.8768,249.5524,33.6756
47.0000,-9.0000,0.0000,9.0000,0.0000,-9.0000,-20.0000,-22.5118,14.7455,32.8699,25.5974,-14.4274,38.4023,-31.0550,-8.7494,-43.5302,-12.4061,-64.4891,15.6247,-100.4742,-21.9130,-56.0217,-33.7827,-76.9382,-49.2261,-85.0767,-71.8041,-60.4561,-40.4412,-58.9383,-49.1702,196.3366,216.4396,250.1778,33.7382
48.0000,-9.0000,0.0000,9.0000,0.0000,-9.0000,-20.0000,-22.6400,14.6271,32.4196,26.0101,-14.9815,38.4252,-31.1256,-8.8888,-43.5774,-12.6240,-64.8301,15.1846,-100.5019,-22.6509,-55.9338,-34.0791,-76.6961,-49.7292,-84.5847,-72.3957,-60.3262,-40.7654,-58.6979,-49.4745,196.6981,217.0080,250.8107,33.8027
49.0000,-9.0000,0.0000,9.0000,0.0000,-9.0000,-20.0000,-22.7671,14.5075,31.9621,26.4148,-15.5395,38.4399,-31.1954,-9.0289,-43.6233,-12.8429,-65.1704,14.7383,-100.5241,-23.3946,-55.8438,-34.3757,-76.4483,-50.2330,-84.0830,-72.9863,-60.1938,-41.0897,-58.4540,-49.7772,197.0605,217.5821,251.4512,33.8691
50.0000,-9.0000,0.0000,9.0000,0.0000,-9.0000,-20.0000,-22.8932,14.3868,31.4976,26.8116,-16.1011,38.4465,-31.2645,-9.1699,-43.6680,-13.0627,-65.5101,14.2856,-100.5409,-24.1442,-55.7517,-34.6725,-76.1946,-50.7376,-83.5714,-73.5758,-60.0590,-41.4139,-58.2067,-50.0782,197.4239,218.1619,252.0994,33.9375
51.0000,-9.0000,0.0000,9.0000,0.0000,-9.0000,-20.0000,-23.0182,14.2650,31.0262,27.2001,-16.6662,38.4446,-31.3330,-9.3118,-43.7115,-13.2833,-65.8489,13.8264,-100.5519,-24.8996,-55.6574,-34.9696,-75.9350,-51.2428,-83.0498,-74.1639,-59.9218,-41.7382,-57.9559,-50.3774,197.7883,218.7477,252.7556,34.0079
52.0000,-9.0000,0.0000,9.0000,0.0000,-9.0000,-20.0000,-23.1421,14.1421,30.5482,27.5804,-17.2346,38.4341,-31.4007,-9.4544,-43.7536,-13.5048,-66.1868,13.3606,-100.5571,-25.6610,-55.5610,-35.2668,-75.6695,-51.7485,-82.5181,-74.7506,-59.7821,-42.0625,-57.7016,-50.6748,198.1537,219.3394,253.4198,34.0805
53.0000,-9.0000,0.0000,9.0000,0.0000,-9.0000,-20.0000,-23.2650,14.0182,30.0635,27.9522,-17.8064,38.4150,-31.4676,-9.5978,-43.7944,-13.7271,-66.5238,12.8882,-100.5563,-26.4283,-55.4624,-35.5642,-75.3979,-52.2548,-81.9760,-75.3357,-59.6400,-42.3868,-57.4438,-50.9703,198.5200,219.9371,254.0923,34.1552
54.0000,-9.0000,0.0000,9.0000,0.0000,-9.0000,-20.0000,-23.3868,13.8932,29.5725,28.3156,-18.3813,38.3869,-31.5339,-9.7421,-43.8339,-13.9503,-66.8597,12.4090,-100.5493,-27.2016,-55.3617,-35.8617,-75.1202,-52.7615,-81.4236,-75.9189,-59.4955,-42.7109,-57.1826,-51.2637,198.8873,220.5410,254.7731,34.2321
55.0000,-9.0000,0.0000,9.0000,0.0000,-9.0000,-20.0000,-23.5075,13.7671,29.0752,28.6703,-18.9593,38.3499,-31.5993,-9.8871,-43.8721,-14.1743,-67.1943,11.9231,-100.5361,-27.9809,-55.2588,-36.1594,-74.8362,-53.2686,-80.8606,-76.5002,-59.3485,-43.0350,-56.9179,-51.5551,199.2556,221.1511,255.4624,34.3113
56.0000,-9.0000,0.0000,9.0000,0.0000,-9.0000,-20.0000,-23.6271,13.6400,28.5718,29.0163,-19.5401,38.3036,-31.6640,-10.0330,-43.9089,-14.3991,-67.5277,11.4301,-100.5164,-28.7662,-55.1537,-36.4571,-74.5459,-53.7759,-80.2868,-77.0792,-59.1990,-43.3590,-56.6498,-51.8443,199.6248,221.7675,256.1604,34.3929
57.0000,-9.0000,0.0000,9.0000,0.0000,-9.0000,-20.0000,-23.7455,13.5118,28.0624,29.3535,-20.1236,38.2480,-31.7279,-10.1796,-43.9443,-14.6248,-67.8597,10.9302,-100.4900,-29.5576,-55.0464,-36.7549,-74.2492,-54.2835,-79.7022,-77.6558,-59.0470,-43.6828,-56.3784,-52.1313,199.9949,222.3903,256.8672,34.4769
58.0000,-9.0000,0.0000,9.0000,0.0000,-9.0000,-20.0000,-23.8629,13.3826,27.5472,29.6817,-20.7097,38.1830,-31.7911,-10.3270,-43.9784,-14.8512,-68.1902,10.4231,-100.4568,-30.3551,-54.9370,-37.0528,-73.9461,-54.7912,-79.1066,-78.2299,-58.8926,-44.0064,-56.1035,-52.4159,200.3660,223.0197,257.5831,34.5634
59.0000,-9.0000,0.0000,9.0000,0.0000,-9.0000,-20.0000,-23.9791,13.2524,27.0263,30.0009,-21.2983,38.1083,-31.8534,-10.4751,-44.0111,-15.0784,-68.5190,9.9089,-100.4167,-31.1586,-54.8253,-37.3506,-73.6363,-55.2990,-78.4999,-78.8010,-58.7357,-44.3298,-55.8252,-52.6981,200.7380,223.6556,258.3081,34.6524
60.0000,-9.0000,0.0000,9.0000,0.0000,-9.0000,-20.0000,-24.0942,13.1212,26.5000,30.3109,-21.8892,38.0237,-31.9149,-10.6241,-44.0424,-15.3063,-68.8461,9.3873,-100.3694,-31.9682,-54.7114,-37.6485,-73.3199,-55.8068,-77.8819,-79.3692,-58.5763,-44.6529,-55.5436,-52.9777,201.1108,224.2984,259.0425,34.7442
61.0000,-9.0000,0.0000,9.0000,0.0000,-9.0000,-20.0000,-24.2081,12.9890,25.9683,30.6117,-22.4822,37.9293,-31.9756,-10.7738,-44.0723,-15.5350,-69.1713,8.8583,-100.3148,-32.7840,-54.5953,-37.9463,-72.9968,-56.3144,-77.2524,-79.9341,-58.4144,-44.9758,-55.2587,-53.2548,201.4846,224.9479,259.7865,34.8386
62.0000,-9.0000,0.0000,9.0000,0.0000,-9.0000,-20.0000,-24.3209,12.8558,25.4315,30.9032,-23.0772,37.8248,-32.0354,-10.9242,-44.1007,-15.7645,-69.4946,8.3219,-100.2526,-33.6060,-54.4769,-38.2441,-72.6668,-56.8218,-76.6113,-80.4954,-58.2501,-45.2984,-54.9705,-53.5291,201.8593,225.6044,260.5402,34.9358
63.0000,-9.0000,0.0000,9.0000,0.0000,-9.0000,-20.0000,-24.4325,12.7216,24.8897,31.1852,-23.6740,37.7101,-32.0944,-11.0754,-44.1277,-15.9946,-69.8157,7.7778,-100.1827,-34.4342,-54.3564,-38.5418,-72.3298,-57.3289,-75.9585,-81.0530,-58.0832,-45.6207,-54.6790,-53.8007,202.2349,226.2680,261.3039,35.0360
64.0000,-9.0000,0.0000,9.0000,0.0000,-9.0000,-20.0000,-24.5429,12.5864,24.3430,31.4578,-24.2724,37.5849,-32.1525,-11.2273,-44.1533,-16.2255,-70.1345,7.2260,-100.1048,-35.2685,-54.2336,-38.8394,-71.9859,-57.8356,-75.2937,-81.6066,-57.9138,-45.9427,-54.3843,-54.0693,202.6113,226.9387,262.0778,35.1391
65.0000,-9.0000,0.0000,9.0000,0.0000,-9.0000,-20.0000,-24.6522,12.4503,23.7916,31.7208,-24.8723,37.4493,-32.2098,-11.3800,-44.1774,-16.4571,-70.4510,6.6664,-100.0188,-36.1091,-54.1085,-39.1369,-71.6348,-58.3419,-74.6170,-82.1559,-57.7419,-46.2642,-54.0864,-54.3350,202.9887,227.6168,262.8621,35.2453
66.0000,-9.0000,0.0000,9.0000,0.0000,-9.0000,-20.0000,-24.7602,12.3132,23.2358,31.9741,-25.4736,37.3030,-32.2662,-11.5334,-44.2000,-16.6894,-70.7649,6.0989,-99.9244,-36.9559,-53.9812,-39.4342,-71.2764,-58.8475,-73.9280,-82.7006,-57.5674,-46.5854,-53.7853,-54.5976,203.3668,228.3023,263.6569,35.3546
67.0000,-9.0000,0.0000,9.0000,0.0000,-9.0000,-20.0000,-24.8671,12.1752,22.6756,32.2177,-26.0759,37.1460,-32.3217,-11.6875,-44.2211,-16.9223,-71.0761,5.5234,-99.8215,-37.8090,-53.8517,-39.7314,-70.9108,-59.3525,-73.2267,-83.2405,-57.3905,-46.9061,-53.4812,-54.8570,203.7459,228.9954,264.4626,35.4672
68.0000,-9.0000,0.0000,9.0000,0.0000,-9.0000,-20.0000,-24.9727,12.0363,22.1112,32.4514,-26.6792,36.9780,-32.3763,-11.8423,-44.2408,-17.1559,-71.3844,4.9398,-99.7098,-38.6684,-53.7199,-40.0283,-70.5377,-59.8566,-72.5128,-83.7752,-57.2110,-47.2263,-53.1739,-55.1131,204.1258,229.6963,265.2794,35.5831
69.0000,-9.0000,0.0000,9.0000,0.0000,-9.0000,-20.0000,-25.0771,11.8965,21.5429,32.6753,-27.2833,36.7989,-32.4300,-11.9978,-44.2589,-17.3902,-71.6898,4.3480,-99.5890,-39.5341,-53.5858,-40.3250,-70.1571,-60.3598,-71.7863,-84.3045,-57.0291,-47.5461,-52.8637,-55.3659,204.5065,230.4050,266.1074,35.7025
70.0000,-9.0000,0.0000,9.0000,0.0000,-9.0000,-20.0000,-25.1803,11.7557,20.9707,32.8892,-27.8879,36.6087,-32.4828,-12.1540,-44.2755,-17.6250,-71.9919,3.7478,-99.4589,-40.4061,-53.4494,-40.6215,-69.7688,-60.8620,-71.0470,-84.8280,-56.8446,-47.8654,-52.5505,-55.6152,204.8881,231.1217,266.9471,35.8254
71.0000,-9.0000,0.0000,9.0000,0.0000,-9.0000,-20.0000,-25.2823,11.6141,20.3949,33.0932,-28.4929,36.4070,-32.5346,-12.3109,-44.2905,-17.8605,-72.2908,3.1392,-99.3194,-41.2844,-53.3108,-40.9177,-69.3728,-61.3631,-70.2947,-85.3453,-56.6575,-48.1840,-52.2343,-55.8610,205.2705,231.8466,267.7986,35.9519
72.0000,-9.0000,0.0000,9.0000,0.0000,-9.0000,-20.0000,-25.3830,11.4715,19.8156,33.2870,-29.0981,36.1940,-32.5855,-12.4685,-44.3041,-18.0966,-72.5861,2.5221,-99.1700,-42.1690,-53.1699,-41.2136,-68.9690,-61.8628,-69.5293,-85.8563,-56.4679,-48.5022,-51.9154,-56.1031,205.6537,232.5799,268.6622,36.0823
73.0000,-9.0000,0.0000,9.0000,0.0000,-9.0000,-20.0000,-25.4825,11.3281,19.2330,33.4707,-29.7032,35.9693,-32.6355,-12.6267,-44.3160,-18.3333,-72.8777,1.8963,-99.0106,-43.0600,-53.0268,-41.5092,-68.5571,-62.3612,-68.7506,-86.3604,-56.2758,-48.8197,-51.5936,-56.3414,206.0377,233.3217,269.5382,36.2165
74.0000,-9.0000,0.0000,9.0000,0.0000,-9.0000,-20.0000,-25.5808,11.1839,18.6473,33.6442,-30.3082,35.7328,-32.6845,-12.7857,-44.3264,-18.5705,-73.1654,1.2617,-98.8409,-43.9574,-52.8813,-41.8044,-68.1372,-62.8581,-67.9584,-86.8574,-56.0812,-49.1366,-51.2691,-56.5759,206.4225,234.0721,270.4268,36.3547
75.0000,-9.0000,0.0000,9.0000,0.0000,-9.0000,-20.0000,-25.6777,11.0387,18.0587,33.8074,-30.9126,35.4845,-32.7325,-12.9452,-44.3352,-18.8083,-73.4490,0.6182,-98.6606,-44.8612,-52.7336,-42.0992,-67.7091,-63.3532,-67.1527,-87.3468,-55.8840,-49.4528,-50.9419,-56.8064,206.8082,234.8315,271.3285,36.4971
76.0000,-9.0000,0.0000,9.0000,0.0000,-9.0000,-20.0000,-25.7734,10.8928,17.4673,33.9604,-31.5164,35.2242,-32.7795,-13.1054,-44.3425,-19.0466,-73.7283,-0.0342,-98.4694,-45.7713,-52.5835,-42.3937,-67.2727,-63.8466,-66.3332,-87.8282,-55.6843,-49.7683,-50.6122,-57.0328,207.1946,235.5999,272.2436,36.6437
77.0000,-9.0000,0.0000,9.0000,0.0000,-9.0000,-20.0000,-25.8678,10.7460,16.8733,34.1030,-32.1194,34.9517,-32.8256,-13.2663,-44.3481,-19.2855,-74.0032,-0.6958,-98.2670,-46.6878,-52.4312,-42.6877,-66.8278,-64.3380,-65.4997,-88.3013,-55.4821,-50.0831,-50.2800,-57.2551,207.5818,236.3776,273.1723,36.7947
78.0000,-9.0000,0.0000,9.0000,0.0000,-9.0000,-20.0000,-25.9610,10.5984,16.2769,34.2352,-32.7212,34.6670,-32.8706,-13.4278,-44.3521,-19.5249,-74.2733,-1.3666,-98.0531,-47.6107,-52.2766,-42.9813,-66.3744,-64.8274,-64.6522,-88.7655,-55.2773,-50.3972,-49.9453,-57.4731,207.9698,237.1648,274.1150,36.9501
79.0000,-9.0000,0.0000,9.0000,0.0000,-9.0000,-20.0000,-26.0528,10.4500,15.6783,34.3570,-33.3217,34.3699,-32.9147,-13.5899,-44.3546,-19.7647,-74.5385,-2.0467,-97.8273,-48.5401,-52.1196,-43.2744,-65.9123,-65.3144,-63.7905,-89.2204,-55.0700,-50.7104,-49.6083,-57.6868,208.3585,237.9617,275.0720,37.1103
80.0000,-9.0000,0.0000,9.0000,0.0000,-9.0000,-20.0000,-26.1433,10.3008,15.0777,34.4683,-33.9206,34.0603,-32.9577,-13.7526,-44.3553,-20.0051,-74.7986,-2.7364,-97.5894,-49.4758,-51.9604,-43.5670,-65.4413,-65.7991,-62.9143,-89.6657,-54.8602,-51.0229,-49.2691,-57.8960,208.7480,238.7686,276.0439,37.2753
81.0000,-9.0000,0.0000,9.0000,0.0000,-9.0000,-20.0000,-26.2326,10.1508,14.4752,34.5691,-34.5177,33.7380,-32.9997,-13.9159,-44.3545,-20.2459,-75.0532,-3.4356,-97.3390,-50.4180,-51.7989,-43.8590,-64.9614,-66.2811,-62.0237,-90.1006,-54.6478,-51.3346,-48.9277,-58.1006,209.1383,239.5857,277.0309,37.4452
82.0000,-9.0000,0.0000,9.0000,0.0000,-9.0000,-20.0000,-26.3205,10.0000,13.8711,34.6594,-35.1128,33.4029,-33.0406,-14.0799,-44.3520,-20.4872,-75.3023,-4.1446,-97.0757,-51.3665,-51.6351,-44.1506,-64.4723,-66.7604,-61.1183,-90.5249,-54.4329,-51.6454,-48.5842,-58.3006,209.5293,240.4133,278.0335,37.6202
83.0000,-9.0000,0.0000,9.0000,0.0000,-9.0000,-20.0000,-26.4071,9.8485,13.2654,34.7391,-35.7056,33.0549,-33.0805,-14.2444,-44.3478,-20.7289,-75.5454,-4.8634,-96.7991,-52.3215,-51.4690,-44.4415,-63.9741,-67.2367,-60.1981,-90.9378,-54.2155,-51.9553,-48.2388,-58.4958,209.9210,241.2515,279.0521,37.8005
84.0000,-9.0000,0.0000,9.0000,0.0000,-9.0000,-20.0000,-26.4924,9.6962,12.6585,34.8083,-36.2959,32.6938,-33.1194,-14.4095,-44.3420,-20.9710,-75.7823,-5.5922,-96.5089,-53.2829,-51.3005,-44.7318,-63.4664,-67.7099,-59.2629,-91.3389,-53.9955,-52.2642,-47.8916,-58.6862,210.3135,242.1009,280.0872,37.9863
85.0000,-9.0000,0.0000,9.0000,0.0000,-9.0000,-20.0000,-26.5763,9.5432,12.0505,34.8668,-36.8833,32.3196,-33.1572,-14.5751,-44.3345,-21.2135,-76.0128,-6.3311,-96.2047,-54.2507,-51.1298,-45.0216,-62.9491,-68.1798,-58.3125,-91.7276,-53.7731,-52.5723,-47.5427,-58.8716,210.7067,242.9615,281.1392,38.1777
86.0000,-9.0000,0.0000,9.0000,0.0000,-9.0000,-20.0000,-26.6590,9.3894,11.4415,34.9147,-37.4677,31.9321,-33.1939,-14.7413,-44.3253,-21.4564,-76.2366,-7.0803,-95.8859,-55.2250,-50.9568,-45.3106,-62.4222,-68.6461,-57.3468,-92.1033,-53.5480,-52.8793,-47.1922,-59.0520,211.1007,243.8338,282.2087,38.3749
87.0000,-9.0000,0.0000,9.0000,0.0000,-9.0000,-20.0000,-26.7402,9.2350,10.8318,34.9520,-38.0487,31.5311,-33.2296,-14.9081,-44.3145,-21.6997,-76.4533,-7.8399,-95.5522,-56.2056,-50.7815,-45.5990,-61.8853,-69.1087,-56.3657,-92.4653,-53.3205,-53.1854,-46.8401,-59.2273,211.4953,244.7181,283.2962,38.5780
88.0000,-9.0000,0.0000,9.0000,0.0000,-9.0000,-20.0000,-26.8201,9.0798,10.2215,34.9787,-38.6261,31.1166,-33.2641,-15.0754,-44.3019,-21.9433,-76.6628,-8.6101,-95.2031,-57.1926,-50.6038,-45.8867,-61.3384,-69.5672,-55.3690,-92.8130,-53.0905,-53.4904,-46.4868,-59.3973,211.8907,245.6148,284.4022,38.7874
89.0000,-9.0000,0.0000,9.0000,0.0000,-9.0000,-20.0000,-26.8987,8.9240,9.6108,34.9947,-39.1996,30.6883,-33.2976,-15.2433,-44.2876,-22.1873,-76.8645,-9.3910,-94.8381,-58.1859,-50.4239,-46.1737,-60.7813,-70.0216,-54.3566,-93.1456,-52.8579,-53.7944,-46.1322,-59.5619,212.2867,246.5242,285.5274,39.0032
90.0000,-9.0000,0.0000,9.0000,0.0000,-9.0000,-20.0000,-26.9759,8.7674,9.0000,35.0000,-39.7689,30.2462,-33.3300,-15.4116,-44.2716,-22.4316,-77.0583,-10.1827,-94.4568,-59.1857,-50.2417,-46.4599,-60.2138,-70.4715,-53.3282,-93.4625,-52.6229,-54.0973,-45.7766,-59.7212,212.6834,247.4467,286.6723,39.2256
91.0000,-9.0000,0.0000,9.0000,0.0000,-9.0000,-20.0000,-27.0517,8.6102,8.3892,34.9947,-40.3337,29.7902,-33.3612,-15.5805,-44.2539,-22.6762,-77.2437,-10.9854,-94.0584,-60.1918,-50.0571,-46.7453,-59.6356,-70.9166,-52.2839,-93.7629,-52.3853,-54.3990,-45.4201,-59.8749,213.0809,248.3828,287.8377,39.4549
92.0000,-9.0000,0.0000,9.0000,0.0000,-9.0000,-20.0000,-27.1262,8.4524,7.7785,34.9787,-40.8936,29.3200,-33.3913,-15.7499,-44.2345,-22.9211,-77.4204,-11.7993,-93.6426,-61.2042,-49.8703,-47.0299,-59.0467,-71.3567,-51.2235,-94.0459,-52.1453,-54.6996,-45.0628,-60.0231,213.4790,249.3329,289.0241,39.6912
93.0000,-9.0000,0.0000,9.0000,0.0000,-9.0000,-20.0000,-27.1992,8.2939,7.1682,34.9520,-41.4485,28.8355,-33.4203,-15.9197,-44.2133,-23.1662,-77.5880,-12.6246,-93.2086,-62.2229,-49.6812,-47.3137,-58.4467,-71.7916,-50.1468,-94.3107,-51.9027,-54.9991,-44.7050,-60.1656,213.8778,250.2976,290.2325,39.9349
94.0000,-9.0000,0.0000,9.0000,0.0000,-9.0000,-20.0000,-27.2709,8.1347,6.5585,34.9147,-41.9979,28.3366,-33.4482,-16.0901,-44.1903,-23.4116,-77.7461,-13.4613,-92.7559,-63.2479,-49.4898,-47.5967,-57.8355,-72.2208,-49.0537,-94.5565,-51.6577,-55.2974,-44.3467,-60.3023,214.2772,251.2772,291.4634,40.1862
95.0000,-9.0000,0.0000,9.0000,0.0000,-9.0000,-20.0000,-27.3412,7.9750,5.9495,34.8668,-42.5415,27.8231,-33.4749,-16.2609,-44.1657,-23.6573,-77.8943,-14.3098,-92.2838,-64.2792,-49.2961,-47.8788,-57.2128,-72.6442,-47.9442,-94.7822,-51.4101,-55.5944,-43.9882,-60.4332,214.6773,252.2725,292.7178,40.4453
96.0000,-9.0000,0.0000,9.0000,0.0000,-9.0000,-20.0000,-27.4101,7.8146,5.3415,34.8083,-43.0791,27.2950,-33.5004,-16.4322,-44.1392,-23.9032,-78.0322,-15.1701,-91.7916,-65.3166,-49.1001,-48.1599,-56.5784,-73.0612,-46.8181,-94.9869,-51.1601,-55.8902,-43.6296,-60.5582,215.0781,253.2840,293.9965,40.7125
97.0000,-9.0000,0.0000,9.0000,0.0000,-9.0000,-20.0000,-27.4776,7.6537,4.7346,34.7391,-43.6101,26.7519,-33.5248,-16.6039,-44.1110,-24.1493,-78.1592,-16.0424,-91.2786,-66.3602,-48.9018,-48.4402,-55.9321,-73.4717,-45.6753,-95.1696,-50.9076,-56.1847,-43.2711,-60.6772,215.4795,254.3123,295.3005,40.9882
98.0000,-9.0000,0.0000,9.0000,0.0000,-9.0000,-20.0000,-27.5437,7.4921,4.1289,34.6594,-44.1342,26.1938,-33.5480,-16.7761,-44.0810,-24.3956,-78.2749,-16.9271,-90.7439,-67.4100,-48.7013,-48.7195,-55.2735,-73.8751,-44.5158,-95.3291,-50.6527,-56.4778,-42.9129,-60.7902,215.8816,255.3580,296.6307,41.2727
99.0000,-9.0000,0.0000,9.0000,0.0000,-9.0000,-20.0000,-27.6084,7.3300,3.5248,34.5691,-44.6512,25.6205,-33.5701,-16.9487,-44.0493,-24.6420,-78.3788,-17.8242,-90.1868,-68.4658,-48.4984,-48.9978,-54.6024,-74.2712,-43.3394,-95.4642,-50.3953,-56.7697,-42.5553,-60.8970,216.2843,256.4221,297.9883,41.5662
100.0000,-9.0000,0.0000,9.0000,0.0000,-9.0000,-20.0000,-27.6716,7.1674,2.9223,34.4683,-45.1605,25.0318,-33.5910,-17.1218,-44.0157,-24.8886,-78.4703,-18.7340,-89.6062,-69.5277,-48.2933,-49.2751,-53.9185,-74.6593,-42.1462,-95.5738,-50.1354,-57.0602,-42.1984,-60.9977,216.6876,257.5051,299.3744,41.8692
101.0000,-9.0000,0.0000,9.0000,0.0000,-9.0000,-20.0000,-27.7334,7.0041,2.3217,34.3570,-45.6617,24.4276,-33.6106,-17.2952,-43.9804,-25.1354,-78.5489,-19.6568,-89.0014,-70.5954,-48.0860,-49.5515,-53.2215,-75.0392,-40.9360,-95.6564,-49.8731,-57.3493,-41.8425,-61.0922,217.0916,258.6081,300.7901,42.1820
102.0000,-9.0000,0.0000,9.0000,0.0000,-9.0000,-20.0000,-27.7939,6.8404,1.7231,34.2352,-46.1545,23.8076,-33.6291,-17.4690,-43.9433,-25.3823,-78.6140,-20.5927,-88.3712,-71.6690,-47.8763,-49.8267,-52.5110,-75.4103,-39.7089,-95.7107,-49.6084,-57.6370,-41.4878,-61.1804,217.4962,259.7318,302.2368,42.5050
103.0000,-9.0000,0.0000,9.0000,0.0000,-9.0000,-20.0000,-27.8528,6.6761,1.1267,34.1030,-46.6384,23.1717,-33.6464,-17.6433,-43.9043,-25.6292,-78.6648,-21.5420,-87.7145,-72.7484,-47.6644,-50.1009,-51.7867,-75.7720,-38.4648,-95.7352,-49.3412,-57.9232,-41.1345,-61.2623,217.9014,260.8773,303.7160,42.8387
104.0000,-9.0000,0.0000,9.0000,0.0000,-9.0000,-20.0000,-27.9104,6.5114,0.5327,33.9604,-47.1129,22.5196,-33.6625,-17.8179,-43.8636,-25.8763,-78.7008,-22.5049,-87.0302,-73.8335,-47.4503,-50.3740,-51.0482,-76.1238,-37.2039,-95.7283,-49.0716,-58.2080,-40.7829,-61.3379,218.3071,262.0458,305.2291,43.1833
105.0000,-9.0000,0.0000,9.0000,0.0000,-9.0000,-20.0000,-27.9665,6.3461,-0.0587,33.8074,-47.5776,21.8511,-33.6773,-17.9929,-43.8210,-26.1234,-78.7212,-23.4818,-86.3170,-74.9241,-47.2338,-50.6459,-50.2951,-76.4651,-35.9260,-95.6882,-48.7996,-58.4912,-40.4331,-61.4071,218.7135,263.2383,306.7778,43.5396
106.0000,-9.0000,0.0000,9.0000,0.0000,-9.0000,-20.0000,-28.0211,6.1803,-0.6473,33.6442,-48.0319,21.1660,-33.6910,-18.1682,-43.7766,-26.3706,-78.7252,-24.4730,-85.5735,-76.0201,-47.0152,-50.9167,-49.5270,-76.7951,-34.6313,-95.6132,-48.5251,-58.7730,-40.0856,-61.4700,219.1205,264.4561,308.3639,43.9078
107.0000,-9.0000,0.0000,9.0000,0.0000,-9.0000,-20.0000,-28.0743,6.0141,-1.2330,33.4707,-48.4753,20.4641,-33.7034,-18.3439,-43.7304,-26.6179,-78.7119,-25.4787,-84.7982,-77.1213,-46.7943,-51.1864,-48.7434,-77.1132,-33.3200,-95.5012,-48.2483,-59.0531,-39.7405,-61.5264,219.5281,265.7007,309.9893,44.2887
108.0000,-9.0000,0.0000,9.0000,0.0000,-9.0000,-20.0000,-28.1261,5.8474,-1.8156,33.2870,-48.9072,19.7451,-33.7146,-18.5199,-43.6824,-26.8651,-78.6805,-26.4993,-83.9896,-78.2276,-46.5712,-51.4548,-47.9439,-77.4186,-31.9921,-95.3501,-47.9691,-59.3318,-39.3982,-61.5765,219.9363,266.9736,311.6562,44.6827
109.0000,-9.0000,0.0000,9.0000,0.0000,-9.0000,-20.0000,-28.1764,5.6803,-2.3949,33.0932,-49.3271,19.0088,-33.7245,-18.6963,-43.6326,-27.1124,-78.6300,-27.5351,-83.1459,-79.3387,-46.3458,-51.7221,-47.1278,-77.7103,-30.6478,-95.1576,-47.6875,-59.6088,-39.0589,-61.6202,220.3450,268.2764,313.3669,45.0905
110.0000,-9.0000,0.0000,9.0000,0.0000,-9.0000,-20.0000,-28.2252,5.5127,-2.9707,32.8892,-49.7343,18.2548,-33.7332,-18.8730,-43.5809,-27.3596,-78.5594,-28.5866,-82.2650,-80.4544,-46.1182,-51.9881,-46.2947,-77.9875,-29.2875,-94.9213,-47.4036,-59.8841,-38.7229,-61.6575,220.7544,269.6111,315.1239,45.5128
111.0000,-9.0000,0.0000,9.0000,0.0000,-9.0000,-20.0000,-28.2726,5.3448,-3.5429,32.6753,-50.1282,17.4829,-33.7406,-19.0499,-43.5273,-27.6068,-78.4674,-29.6540,-81.3450,-81.5743,-45.8885,-52.2528,-45.4439,-78.2490,-27.9114,-94.6384,-47.1173,-60.1578,-38.3905,-61.6885,221.1643,270.9798,316.9301,45.9503
112.0000,-9.0000,0.0000,9.0000,0.0000,-9.0000,-20.0000,-28.3185,5.1764,-4.1112,32.4514,-50.5080,16.6927,-33.7468,-19.2272,-43.4720,-27.8539,-78.3529,-30.7379,-80.3835,-82.6982,-45.6565,-52.5162,-44.5747,-78.4937,-26.5199,-94.3059,-46.8286,-60.4299,-38.0620,-61.7132,221.5747,272.3846,318.7885,46.4038
113.0000,-9.0000,0.0000,9.0000,0.0000,-9.0000,-20.0000,-28.3630,5.0076,-4.6756,32.2177,-50.8731,15.8839,-33.7517,-19.4047,-43.4147,-28.1010,-78.2146,-31.8386,-79.3779,-83.8256,-45.4223,-52.7783,-43.6864,-78.7203,-25.1135,-93.9206,-46.5376,-60.7002,-37.7379,-61.7316,221.9857,273.8282,320.7025,46.8743
114.0000,-9.0000,0.0000,9.0000,0.0000,-9.0000,-20.0000,-28.4059,4.8384,-5.2358,31.9741,-51.2225,15.0561,-33.7553,-19.5825,-43.3556,-28.3480,-78.0509,-32.9568,-78.3254,-84.9561,-45.1859,-53.0391,-42.7782,-78.9274,-23.6929,-93.4791,-46.2443,-60.9688,-37.4183,-61.7439,222.3973,275.3134,322.6761,47.3627
115.0000,-9.0000,0.0000,9.0000,0.0000,-9.0000,-20.0000,-28.4474,4.6689,-5.7916,31.7208,-51.5556,14.2090,-33.7577,-19.7606,-43.2947,-28.5949,-77.8602,-34.0929,-77.2228,-86.0889,-44.9473,-53.2985,-41.8492,-79.1133,-22.2587,-92.9773,-45.9487,-61.2356,-37.1036,-61.7501,222.8094,276.8434,324.7135,47.8701
116.0000,-9.0000,0.0000,9.0000,0.0000,-9.0000,-20.0000,-28.4874,4.4990,-6.3430,31.4578,-51.8712,13.3420,-33.7588,-19.9389,-43.2319,-28.8417,-77.6407,-35.2474,-76.0666,-87.2236,-44.7065,-53.5566,-40.8986,-79.2762,-20.8117,-92.4109,-45.6507,-61.5006,-36.7942,-61.7504,223.2221,278.4219,326.8196,48.3977
117.0000,-9.0000,0.0000,9.0000,0.0000,-9.0000,-20.0000,-28.5259,4.3288,-6.8897,31.1852,-52.1685,12.4547,-33.7586,-20.1175,-43.1673,-29.0883,-77.3905,-36.4211,-74.8527,-88.3592,-44.4636,-53.8132,-39.9252,-79.4140,-19.3532,-91.7750,-45.3505,-61.7639,-36.4905,-61.7447,223.6353,280.0528,328.9997,48.9469
118.0000,-9.0000,0.0000,9.0000,0.0000,-9.0000,-20.0000,-28.5630,4.1582,-7.4315,30.9032,-52.4462,11.5467,-33.7571,-20.2962,-43.1008,-29.3348,-77.1073,-37.6146,-73.5767,-89.4946,-44.2185,-54.0684,-38.9278,-79.5244,-17.8843,-91.0644,-45.0480,-62.0253,-36.1928,-61.7334,224.0490,281.7411,331.2602,49.5191
119.0000,-9.0000,0.0000,9.0000,0.0000,-9.0000,-20.0000,-28.5985,3.9874,-7.9683,30.6117,-52.7034,10.6172,-33.7543,-20.4752,-43.0324,-29.5811,-76.7886,-38.8287,-72.2334,-90.6288,-43.9713,-54.3221,-37.9053,-79.6046,-16.4067,-90.2728,-44.7432,-62.2848,-35.9014,-61.7165,224.4632,283.4919,333.6082,50.1163
120.0000,-9.0000,0.0000,9.0000,0.0000,-9.0000,-20.0000,-28.6325,3.8162,-8.5000,30.3109,-52.9385,9.6659,-33.7502,-20.6544,-42.9621,-29.8272,-76.4316,-40.0642,-70.8169,-91.7602,-43.7219,-54.5744,-36.8562,-79.6515,-14.9223,-89.3933,-44.4361,-62.5424,-35.6168,-61.6942,224.8780,285.3115,336.0519,50.7404
121.0000,-9.0000,0.0000,9.0000,0.0000,-9.0000,-20.0000,-28.6651,3.6447,-9.0263,30.0009,-53.1503,8.6919,-33.7448,-20.8338,-42.8900,-30.0731,-76.0331,-41.3219,-69.3205,-92.8869,-43.4704,-54.8251,-35.7789,-79.6614,-13.4334,-88.4181,-44.1269,-62.7982,-35.3394,-61.6668,225.2933,287.2071,338.6008,51.3937
122.0000,-9.0000,0.0000,9.0000,0.0000,-9.0000,-20.0000,-28.6962,3.4730,-9.5472,29.6817,-53.3372,7.6945,-33.7381,-21.0133,-42.8160,-30.3188,-75.5894,-42.6030,-67.7362,-94.0066,-43.2168,-55.0744,-34.6717,-79.6301,-11.9432,-87.3381,-43.8153,-63.0520,-35.0695,-61.6345,225.7091,289.1873,341.2663,52.0790
123.0000,-9.0000,0.0000,9.0000,0.0000,-9.0000,-20.0000,-28.7257,3.3010,-10.0624,29.3535,-53.4973,6.6729,-33.7301,-21.1931,-42.7401,-30.5642,-75.0964,-43.9085,-66.0550,-95.1164,-42.9610,-55.3221,-33.5325,-79.5523,-10.4552,-86.1428,-43.5016,-63.3038,-34.8075,-61.5975,226.1254,291.2620,344.0616,52.7995
124.0000,-9.0000,0.0000,9.0000,0.0000,-9.0000,-20.0000,-28.7538,3.1287,-10.5718,29.0163,-53.6287,5.6262,-33.7207,-21.3729,-42.6624,-30.8094,-74.5492,-45.2397,-64.2657,-96.2127,-42.7032,-55.5682,-32.3593,-79.4220,-8.9741,-84.8197,-43.1857,-63.5536,-34.5538,-61.5563,226.5422,293.4434,347.0027,53.5593
125.0000,-9.0000,0.0000,9.0000,0.0000,-9.0000,-20.0000,-28.7803,2.9562,-11.0752,28.6703,-53.7292,4.5533,-33.7101,-21.5529,-42.5828,-31.0543,-73.9419,-46.5979,-62.3555,-97.2907,-42.4432,-55.8127,-31.1494,-79.2317,-7.5061,-83.3544,-42.8676,-63.8015,-34.3087,-61.5111,226.9595,295.7458,350.1088,54.3630
126.0000,-9.0000,0.0000,9.0000,0.0000,-9.0000,-20.0000,-28.8054,2.7835,-11.5725,28.3156,-53.7964,3.4531,-33.6981,-21.7331,-42.5013,-31.2989,-73.2678,-47.9848,-60.3086,-98.3441,-42.1812,-56.0556,-29.9000,-78.9723,-6.0589,-81.7292,-42.5473,-64.0473,-34.0726,-61.4626,227.3773,298.1871,353.4037,55.2166
127.0000,-9.0000,0.0000,9.0000,0.0000,-9.0000,-20.0000,-28.8289,2.6105,-12.0635,27.9522,-53.8273,2.3243,-33.6848,-21.9133,-42.4179,-31.5431,-72.5186,-49.4022,-58.1057,-99.3649,-41.9171,-56.2969,-28.6081,-78.6323,-4.6428,-79.9230,-42.2248,-64.2910,-33.8459,-61.4112,227.7956,300.7895,356.9171,56.1277
128.0000,-9.0000,0.0000,9.0000,0.0000,-9.0000,-20.0000,-28.8509,2.4374,-12.5482,27.5804,-53.8185,1.1653,-33.6702,-22.0937,-42.3326,-31.7871,-71.6844,-50.8521,-55.7229,-100.3418,-41.6509,-56.5365,-27.2699,-78.1973,-3.2716,-77.9096,-41.9002,-64.5326,-33.6286,-61.3578,228.2144,303.5810,360.6867,57.1057
129.0000,-9.0000,0.0000,9.0000,0.0000,-9.0000,-20.0000,-28.8714,2.2641,-13.0262,27.2001,-53.7664,-0.0256,-33.6542,-22.2742,-42.2455,-32.0307,-70.7527,-52.3369,-53.1298,-101.2596,-41.3827,-56.7745,-25.8817,-77.6484,-1.9645,-75.6563,-41.5734,-64.7722,-33.4208,-61.3033,228.6337,306.5977,364.7613,58.1636
130.0000,-9.0000,0.0000,9.0000,0.0000,-9.0000,-20.0000,-28.8904,2.0906,-13.4976,26.8116,-53.6662,-1.2506,-33.6368,-22.4547,-42.1565,-32.2739,-69.7078,-53.8592,-50.2874,-102.0966,-41.1124,-57.0107,-24.4391,-76.9607,-0.7483,-73.1210,-41.2446,-65.0096,-33.2223,-61.2490,229.0534,309.8874,369.2061,59.3187
131.0000,-9.0000,0.0000,9.0000,0.0000,-9.0000,-20.0000,-28.9079,1.9169,-13.9621,26.4148,-53.5125,-2.5120,-33.6182,-22.6353,-42.0656,-32.5167,-68.5294,-55.4223,-47.1441,-102.8213,-40.8401,-57.2452,-22.9380,-76.1003,0.3378,-70.2492,-40.9136,-65.2449,-33.0323,-61.1971,229.4736,313.5149,374.1108,60.5959
132.0000,-9.0000,0.0000,9.0000,0.0000,-9.0000,-20.0000,-28.9239,1.7431,-14.4196,26.0101,-53.2987,-3.8130,-33.5982,-22.8160,-41.9728,-32.7592,-67.1907,-57.0297,-43.6300,-103.3858,-40.5658,-57.4780,-21.3747,-75.0194,1.2342,-66.9674,-40.5806,-65.4780,-32.8491,-61.1508,229.8943,317.5713,379.6031,62.0317
